,id,Sa,Sms,Ssk,Sku
0,example,0.0004749354376320941,0.0006310966639187965,0.09626712192274468,1.7184889797793241
